Order_ID,Order_Date,Customer_ID,City,Product,Category,Quantity,Price,Sales,Profit
10001,2023-01-01,C0103,Mumbai,Laptop,Furniture,5,36085,180425,25353
10002,2023-01-02,C0271,Mumbai,Headphones,Electronics,5,31182,155910,23615
10003,2023-01-03,C0107,Kolkata,Headphones,Furniture,2,48364,96728,16516
10004,2023-01-04,C0072,Delhi,Tablet,Electronics,3,19380,58140,5260
10005,2023-01-05,C0189,Patna,Headphones,Electronics,5,55614,278070,48316
10006,2023-01-06,C0021,Jaipur,Laptop,Furniture,1,38567,38567,4810
10007,2023-01-07,C0103,Lucknow,Mobile,Electronics,5,43185,215925,13292
10008,2023-01-08,C0122,Jaipur,Tablet,Electronics,2,57226,114452,6727
10009,2023-01-09,C0215,Patna,Mobile,Furniture,2,18573,37146,3719
10010,2023-01-10,C0088,Pune,Tablet,Electronics,3,36535,109605,18384
10011,2023-01-11,C0100,Mumbai,Table,Furniture,5,37674,188370,29414
10012,2023-01-12,C0152,Delhi,Chair,Furniture,1,25337,25337,4264
10013,2023-01-13,C0131,Mumbai,Table,Furniture,1,18326,18326,2338
10014,2023-01-14,C0150,Bangalore,Headphones,Electronics,4,25481,101924,11826
10015,2023-01-15,C0258,Mumbai,Mobile,Electronics,1,10882,10882,784
10016,2023-01-16,C0294,Mumbai,Headphones,Electronics,3,4937,14811,1469
10017,2023-01-17,C0192,Patna,Chair,Furniture,3,5935,17805,2049
10018,2023-01-18,C0277,Patna,Tablet,Electronics,1,25319,25319,1602
10019,2023-01-19,C0161,Patna,Chair,Furniture,1,37375,37375,3105
10020,2023-01-20,C0022,Jaipur,Laptop,Furniture,4,32482,129928,18155
10021,2023-01-21,C0253,Bangalore,Chair,Electronics,1,33828,33828,5424
10022,2023-01-22,C0236,Pune,Laptop,Furniture,4,12829,51316,10250
10023,2023-01-23,C0049,Pune,Chair,Electronics,4,25669,102676,19505
10024,2023-01-24,C0059,Patna,Laptop,Electronics,1,22432,22432,3283
10025,2023-01-25,C0170,Delhi,Mobile,Electronics,2,35094,70188,7944
10026,2023-01-26,C0188,Jaipur,Headphones,Electronics,2,11921,23842,3467
10027,2023-01-27,C0271,Kolkata,Headphones,Electronics,4,45533,182132,30570
10028,2023-01-28,C0190,Delhi,Table,Furniture,1,8129,8129,550
10029,2023-01-29,C0175,Lucknow,Headphones,Furniture,2,8825,17650,1967
10030,2023-01-30,C0051,Lucknow,Tablet,Furniture,1,52790,52790,9289
10031,2023-01-31,C0055,Delhi,Chair,Electronics,1,28995,28995,3119
10032,2023-02-01,C0244,Patna,Table,Electronics,1,32250,32250,4378
10033,2023-02-02,C0131,Kolkata,Tablet,Electronics,5,30119,150595,20807
10034,2023-02-03,C0135,Kolkata,Tablet,Furniture,1,40961,40961,3181
10035,2023-02-04,C0021,Jaipur,Laptop,Electronics,5,8764,43820,4571
10036,2023-02-05,C0167,Kolkata,Headphones,Furniture,4,13186,52744,5283
10037,2023-02-06,C0274,Lucknow,Mobile,Furniture,2,46984,93968,5067
10038,2023-02-07,C0089,Bangalore,Mobile,Electronics,2,24726,49452,2652
10039,2023-02-08,C0014,Patna,Table,Electronics,2,7221,14442,2523
10040,2023-02-09,C0242,Kolkata,Mobile,Furniture,2,56654,113308,10306
10041,2023-02-10,C0265,Jaipur,Chair,Electronics,2,21109,42218,5391
10042,2023-02-11,C0053,Lucknow,Mobile,Furniture,2,52630,105260,9979
10043,2023-02-12,C0092,Bangalore,Table,Electronics,2,7873,15746,3009
10044,2023-02-13,C0264,Mumbai,Mobile,Electronics,4,39175,156700,13929
10045,2023-02-14,C0035,Mumbai,Chair,Furniture,1,55749,55749,6380
10046,2023-02-15,C0206,Bangalore,Laptop,Electronics,3,49395,148185,26808
10047,2023-02-16,C0081,Lucknow,Table,Furniture,5,29437,147185,25947
10048,2023-02-17,C0050,Jaipur,Laptop,Electronics,3,6156,18468,1438
10049,2023-02-18,C0002,Bangalore,Laptop,Furniture,3,59829,179487,30583
10050,2023-02-19,C0054,Patna,Laptop,Furniture,1,9484,9484,1126
10051,2023-02-20,C0106,Patna,Tablet,Electronics,1,30484,30484,3732
10052,2023-02-21,C0260,Mumbai,Headphones,Furniture,1,53911,53911,3774
10053,2023-02-22,C0191,Kolkata,Tablet,Electronics,2,8786,17572,1091
10054,2023-02-23,C0218,Jaipur,Headphones,Electronics,4,6401,25604,4075
10055,2023-02-24,C0044,Mumbai,Laptop,Electronics,2,32052,64104,7978
10056,2023-02-25,C0162,Kolkata,Table,Furniture,4,26209,104836,12111
10057,2023-02-26,C0202,Kolkata,Headphones,Furniture,4,31555,126220,20122
10058,2023-02-27,C0270,Pune,Chair,Electronics,3,38185,114555,18881
10059,2023-02-28,C0271,Patna,Chair,Electronics,3,8929,26787,1977
10060,2023-03-01,C0215,Lucknow,Mobile,Furniture,4,15216,60864,8614
10061,2023-03-02,C0252,Delhi,Headphones,Electronics,4,49063,196252,13797
10062,2023-03-03,C0190,Lucknow,Table,Electronics,2,11638,23276,3787
10063,2023-03-04,C0296,Delhi,Tablet,Furniture,2,35798,71596,10635
10064,2023-03-05,C0213,Bangalore,Laptop,Electronics,3,51612,154836,29959
10065,2023-03-06,C0208,Patna,Mobile,Furniture,1,23929,23929,1443
10066,2023-03-07,C0237,Kolkata,Chair,Electronics,4,50700,202800,11875
10067,2023-03-08,C0053,Jaipur,Tablet,Furniture,2,6272,12544,1158
10068,2023-03-09,C0280,Delhi,Tablet,Electronics,3,48744,146232,13052
10069,2023-03-10,C0217,Lucknow,Laptop,Electronics,2,52181,104362,9084
10070,2023-03-11,C0252,Kolkata,Headphones,Furniture,4,49019,196076,36458
10071,2023-03-12,C0188,Delhi,Chair,Electronics,4,36232,144928,12671
10072,2023-03-13,C0041,Delhi,Table,Furniture,5,40405,202025,18342
10073,2023-03-14,C0157,Pune,Tablet,Electronics,1,17847,17847,2925
10074,2023-03-15,C0015,Delhi,Laptop,Furniture,5,17420,87100,10230
10075,2023-03-16,C0065,Jaipur,Table,Furniture,3,32322,96966,16145
10076,2023-03-17,C0009,Patna,Headphones,Furniture,2,47159,94318,5640
10077,2023-03-18,C0129,Jaipur,Chair,Furniture,3,40608,121824,15000
10078,2023-03-19,C0136,Mumbai,Headphones,Electronics,4,24063,96252,5297
10079,2023-03-20,C0063,Kolkata,Tablet,Electronics,5,8467,42335,2514
10080,2023-03-21,C0139,Patna,Table,Furniture,5,45683,228415,42477
10081,2023-03-22,C0081,Pune,Table,Furniture,5,12371,61855,4384
10082,2023-03-23,C0163,Patna,Table,Furniture,3,29263,87789,11400
10083,2023-03-24,C0289,Patna,Tablet,Electronics,4,12416,49664,5545
10084,2023-03-25,C0261,Lucknow,Tablet,Electronics,2,9234,18468,1885
10085,2023-03-26,C0231,Patna,Headphones,Electronics,2,34113,68226,12620
10086,2023-03-27,C0041,Pune,Mobile,Electronics,3,28679,86037,4583
10087,2023-03-28,C0028,Jaipur,Headphones,Furniture,5,55429,277145,41452
10088,2023-03-29,C0135,Patna,Chair,Furniture,1,52688,52688,10248
10089,2023-03-30,C0201,Bangalore,Laptop,Furniture,3,55599,166797,22355
10090,2023-03-31,C0268,Kolkata,Table,Electronics,3,35762,107286,20440
10091,2023-04-01,C0033,Patna,Mobile,Electronics,4,13177,52708,3048
10092,2023-04-02,C0048,Kolkata,Laptop,Electronics,2,52371,104742,11816
10093,2023-04-03,C0062,Bangalore,Mobile,Furniture,3,18768,56304,5012
10094,2023-04-04,C0216,Bangalore,Headphones,Furniture,3,12830,38490,6143
10095,2023-04-05,C0293,Kolkata,Tablet,Electronics,5,21233,106165,20935
10096,2023-04-06,C0099,Delhi,Table,Furniture,5,38447,192235,17008
10097,2023-04-07,C0172,Mumbai,Headphones,Electronics,1,27786,27786,4115
10098,2023-04-08,C0214,Lucknow,Laptop,Electronics,4,7110,28440,2267
10099,2023-04-09,C0035,Delhi,Laptop,Furniture,1,6930,6930,934
10100,2023-04-10,C0227,Delhi,Laptop,Electronics,5,40422,202110,24170
10101,2023-04-11,C0101,Jaipur,Laptop,Furniture,2,14328,28656,5610
10102,2023-04-12,C0131,Lucknow,Laptop,Electronics,5,43413,217065,30666
10103,2023-04-13,C0257,Lucknow,Mobile,Furniture,4,31997,127988,13109
10104,2023-04-14,C0005,Delhi,Headphones,Furniture,5,39756,198780,13340
10105,2023-04-15,C0218,Patna,Table,Furniture,4,54389,217556,15813
10106,2023-04-16,C0255,Jaipur,Tablet,Electronics,4,56177,224708,18829
10107,2023-04-17,C0283,Jaipur,Tablet,Electronics,4,37118,148472,13012
10108,2023-04-18,C0207,Bangalore,Headphones,Furniture,4,50341,201364,35760
10109,2023-04-19,C0015,Pune,Headphones,Furniture,4,46832,187328,25136
10110,2023-04-20,C0042,Lucknow,Tablet,Electronics,2,27026,54052,6946
10111,2023-04-21,C0179,Delhi,Tablet,Electronics,1,54827,54827,3685
10112,2023-04-22,C0063,Bangalore,Mobile,Electronics,3,30658,91974,16465
10113,2023-04-23,C0231,Kolkata,Chair,Furniture,1,25532,25532,4044
10114,2023-04-24,C0241,Mumbai,Table,Electronics,4,38346,153384,9226
10115,2023-04-25,C0052,Pune,Laptop,Electronics,2,59974,119948,18732
10116,2023-04-26,C0096,Pune,Chair,Furniture,5,45436,227180,29881
10117,2023-04-27,C0222,Pune,Headphones,Electronics,2,30294,60588,3772
10118,2023-04-28,C0231,Jaipur,Tablet,Electronics,4,5948,23792,2825
10119,2023-04-29,C0237,Kolkata,Chair,Electronics,2,50831,101662,12474
10120,2023-04-30,C0143,Pune,Table,Furniture,2,29361,58722,4396
10121,2023-05-01,C0171,Kolkata,Headphones,Furniture,4,28641,114564,21979
10122,2023-05-02,C0029,Patna,Laptop,Furniture,2,9574,19148,3398
10123,2023-05-03,C0036,Pune,Laptop,Furniture,3,6906,20718,3115
10124,2023-05-04,C0013,Mumbai,Table,Furniture,3,32323,96969,11572
10125,2023-05-05,C0160,Kolkata,Table,Furniture,2,58243,116486,13019
10126,2023-05-06,C0187,Kolkata,Tablet,Furniture,5,23791,118955,17563
10127,2023-05-07,C0243,Mumbai,Laptop,Electronics,4,42068,168272,22180
10128,2023-05-08,C0086,Pune,Headphones,Electronics,3,32503,97509,5786
10129,2023-05-09,C0284,Mumbai,Chair,Furniture,5,47351,236755,30038
10130,2023-05-10,C0066,Kolkata,Headphones,Electronics,2,34906,69812,11935
10131,2023-05-11,C0170,Mumbai,Mobile,Electronics,5,55323,276615,32885
10132,2023-05-12,C0045,Kolkata,Mobile,Furniture,1,23812,23812,1376
10133,2023-05-13,C0062,Kolkata,Table,Electronics,3,43608,130824,21970
10134,2023-05-14,C0134,Patna,Tablet,Electronics,2,1882,3764,301
10135,2023-05-15,C0284,Delhi,Mobile,Electronics,4,34671,138684,12314
10136,2023-05-16,C0028,Kolkata,Laptop,Electronics,2,42279,84558,6316
10137,2023-05-17,C0108,Pune,Headphones,Electronics,4,3792,15168,1509
10138,2023-05-18,C0044,Bangalore,Headphones,Furniture,2,42279,84558,13826
10139,2023-05-19,C0286,Jaipur,Table,Furniture,5,33687,168435,21544
10140,2023-05-20,C0128,Lucknow,Chair,Furniture,5,12911,64555,5211
10141,2023-05-21,C0231,Delhi,Table,Electronics,5,37785,188925,34322
10142,2023-05-22,C0190,Delhi,Chair,Furniture,1,52954,52954,9634
10143,2023-05-23,C0225,Delhi,Table,Electronics,4,57509,230036,41541
10144,2023-05-24,C0283,Patna,Table,Electronics,5,15922,79610,6832
10145,2023-05-25,C0121,Kolkata,Table,Electronics,1,42968,42968,5056
10146,2023-05-26,C0116,Patna,Chair,Electronics,4,32871,131484,26000
10147,2023-05-27,C0233,Kolkata,Chair,Furniture,2,57522,115044,19074
10148,2023-05-28,C0259,Pune,Table,Furniture,1,6193,6193,334
10149,2023-05-29,C0198,Patna,Mobile,Electronics,3,34035,102105,6103
10150,2023-05-30,C0137,Patna,Tablet,Furniture,1,51696,51696,6182
10151,2023-05-31,C0165,Jaipur,Tablet,Electronics,1,15318,15318,2855
10152,2023-06-01,C0225,Bangalore,Tablet,Furniture,4,31738,126952,16605
10153,2023-06-02,C0234,Patna,Chair,Furniture,2,31374,62748,7822
10154,2023-06-03,C0172,Jaipur,Chair,Electronics,3,27215,81645,5373
10155,2023-06-04,C0152,Mumbai,Mobile,Furniture,5,28105,140525,20870
10156,2023-06-05,C0160,Bangalore,Tablet,Electronics,5,34817,174085,30171
10157,2023-06-06,C0096,Pune,Tablet,Furniture,1,31674,31674,3391
10158,2023-06-07,C0233,Patna,Table,Electronics,4,10456,41824,6957
10159,2023-06-08,C0180,Lucknow,Chair,Electronics,4,39408,157632,30686
10160,2023-06-09,C0113,Delhi,Tablet,Furniture,5,11337,56685,4566
10161,2023-06-10,C0052,Mumbai,Headphones,Furniture,3,4216,12648,1625
10162,2023-06-11,C0268,Mumbai,Mobile,Electronics,2,4981,9962,927
10163,2023-06-12,C0295,Pune,Headphones,Furniture,3,24782,74346,12559
10164,2023-06-13,C0113,Jaipur,Headphones,Furniture,2,7048,14096,1926
10165,2023-06-14,C0101,Mumbai,Mobile,Electronics,5,51945,259725,37708
10166,2023-06-15,C0113,Bangalore,Headphones,Electronics,2,38105,76210,12931
10167,2023-06-16,C0081,Patna,Tablet,Furniture,4,8258,33032,3613
10168,2023-06-17,C0187,Patna,Chair,Electronics,1,44168,44168,8271
10169,2023-06-18,C0113,Lucknow,Mobile,Electronics,1,23677,23677,3076
10170,2023-06-19,C0002,Pune,Table,Electronics,5,24522,122610,9035
10171,2023-06-20,C0130,Delhi,Headphones,Furniture,4,41261,165044,25480
10172,2023-06-21,C0220,Jaipur,Mobile,Furniture,3,55659,166977,28217
10173,2023-06-22,C0054,Delhi,Laptop,Electronics,4,6042,24168,2356
10174,2023-06-23,C0224,Mumbai,Laptop,Furniture,1,25976,25976,4638
10175,2023-06-24,C0225,Pune,Chair,Electronics,1,31284,31284,5816
10176,2023-06-25,C0126,Lucknow,Tablet,Furniture,4,23240,92960,8509
10177,2023-06-26,C0130,Delhi,Chair,Electronics,4,59853,239412,47290
10178,2023-06-27,C0053,Bangalore,Chair,Electronics,1,25317,25317,1800
10179,2023-06-28,C0172,Patna,Chair,Furniture,3,48096,144288,11586
10180,2023-06-29,C0218,Mumbai,Chair,Electronics,5,57032,285160,22138
10181,2023-06-30,C0160,Lucknow,Table,Furniture,5,16552,82760,15235
10182,2023-07-01,C0198,Delhi,Table,Furniture,4,35653,142612,21127
10183,2023-07-02,C0247,Jaipur,Mobile,Electronics,5,47576,237880,17321
10184,2023-07-03,C0203,Bangalore,Laptop,Electronics,1,53920,53920,6257
10185,2023-07-04,C0184,Bangalore,Chair,Furniture,1,1171,1171,166
10186,2023-07-05,C0123,Delhi,Mobile,Electronics,4,663,2652,165
10187,2023-07-06,C0255,Patna,Laptop,Electronics,4,41924,167696,30581
10188,2023-07-07,C0294,Delhi,Headphones,Electronics,4,44502,178008,30357
10189,2023-07-08,C0280,Mumbai,Tablet,Electronics,3,54244,162732,20468
10190,2023-07-09,C0098,Delhi,Table,Electronics,5,5295,26475,5164
10191,2023-07-10,C0198,Bangalore,Headphones,Furniture,4,11134,44536,5017
10192,2023-07-11,C0240,Lucknow,Laptop,Furniture,2,5298,10596,2093
10193,2023-07-12,C0144,Delhi,Headphones,Electronics,2,22920,45840,6884
10194,2023-07-13,C0097,Patna,Tablet,Electronics,1,52007,52007,7551
10195,2023-07-14,C0201,Pune,Laptop,Electronics,5,55539,277695,20797
10196,2023-07-15,C0124,Lucknow,Headphones,Furniture,4,29800,119200,21728
10197,2023-07-16,C0187,Jaipur,Table,Electronics,2,24845,49690,5670
10198,2023-07-17,C0259,Kolkata,Table,Furniture,5,11249,56245,4180
10199,2023-07-18,C0148,Delhi,Mobile,Furniture,1,39095,39095,2028
10200,2023-07-19,C0252,Patna,Headphones,Furniture,3,25621,76863,10296
10201,2023-07-20,C0147,Lucknow,Chair,Electronics,5,37987,189935,24522
10202,2023-07-21,C0148,Patna,Headphones,Furniture,5,28911,144555,22825
10203,2023-07-22,C0199,Jaipur,Laptop,Electronics,3,33861,101583,18644
10204,2023-07-23,C0128,Bangalore,Laptop,Furniture,5,21723,108615,6724
10205,2023-07-24,C0039,Patna,Headphones,Electronics,1,7894,7894,1260
10206,2023-07-25,C0129,Lucknow,Tablet,Furniture,1,14556,14556,1136
10207,2023-07-26,C0267,Patna,Table,Electronics,3,28880,86640,15484
10208,2023-07-27,C0151,Patna,Laptop,Furniture,4,26535,106140,18347
10209,2023-07-28,C0298,Patna,Table,Electronics,2,31120,62240,8160
10210,2023-07-29,C0099,Mumbai,Laptop,Electronics,4,20377,81508,12758
10211,2023-07-30,C0263,Mumbai,Mobile,Electronics,5,55816,279080,27113
10212,2023-07-31,C0252,Bangalore,Chair,Electronics,2,43904,87808,10596
10213,2023-08-01,C0144,Delhi,Laptop,Furniture,3,52324,156972,27194
10214,2023-08-02,C0112,Patna,Table,Furniture,3,53852,161556,19207
10215,2023-08-03,C0060,Jaipur,Mobile,Electronics,2,31411,62822,6512
10216,2023-08-04,C0002,Delhi,Laptop,Furniture,1,33284,33284,4131
10217,2023-08-05,C0254,Jaipur,Tablet,Electronics,2,3691,7382,1286
10218,2023-08-06,C0140,Delhi,Chair,Electronics,5,33660,168300,16877
10219,2023-08-07,C0037,Bangalore,Laptop,Furniture,1,25500,25500,1939
10220,2023-08-08,C0160,Patna,Mobile,Electronics,3,39540,118620,18599
10221,2023-08-09,C0009,Patna,Tablet,Electronics,2,50223,100446,17467
10222,2023-08-10,C0233,Kolkata,Headphones,Furniture,4,4131,16524,1075
10223,2023-08-11,C0099,Jaipur,Mobile,Electronics,4,6672,26688,2294
10224,2023-08-12,C0147,Delhi,Mobile,Electronics,5,42580,212900,15178
10225,2023-08-13,C0208,Delhi,Tablet,Electronics,4,24061,96244,9835
10226,2023-08-14,C0131,Pune,Mobile,Electronics,2,25317,50634,5952
10227,2023-08-15,C0152,Pune,Tablet,Furniture,2,20781,41562,6746
10228,2023-08-16,C0054,Mumbai,Laptop,Furniture,4,29171,116684,17230
10229,2023-08-17,C0120,Kolkata,Tablet,Furniture,2,57775,115550,16539
10230,2023-08-18,C0161,Lucknow,Tablet,Electronics,5,51931,259655,26707
10231,2023-08-19,C0116,Pune,Chair,Electronics,1,25864,25864,4557
10232,2023-08-20,C0075,Lucknow,Tablet,Furniture,5,57103,285515,34459
10233,2023-08-21,C0113,Mumbai,Tablet,Electronics,5,42174,210870,41513
10234,2023-08-22,C0104,Mumbai,Headphones,Electronics,2,27925,55850,8105
10235,2023-08-23,C0254,Mumbai,Laptop,Electronics,1,50427,50427,3476
10236,2023-08-24,C0227,Jaipur,Chair,Electronics,2,29102,58204,8813
10237,2023-08-25,C0112,Jaipur,Headphones,Furniture,3,23753,71259,7037
10238,2023-08-26,C0099,Bangalore,Table,Furniture,2,51899,103798,15875
10239,2023-08-27,C0153,Bangalore,Laptop,Furniture,2,23972,47944,2898
10240,2023-08-28,C0194,Mumbai,Laptop,Electronics,2,49730,99460,7582
10241,2023-08-29,C0163,Kolkata,Table,Furniture,1,8580,8580,1530
10242,2023-08-30,C0208,Delhi,Tablet,Furniture,2,7599,15198,1277
10243,2023-08-31,C0169,Jaipur,Headphones,Electronics,1,53578,53578,9405
10244,2023-09-01,C0161,Kolkata,Mobile,Electronics,4,25931,103724,9531
10245,2023-09-02,C0068,Patna,Chair,Furniture,3,56992,170976,25036
10246,2023-09-03,C0289,Jaipur,Mobile,Furniture,1,31686,31686,4883
10247,2023-09-04,C0277,Jaipur,Table,Furniture,4,48184,192736,24457
10248,2023-09-05,C0135,Bangalore,Laptop,Furniture,1,30611,30611,2932
10249,2023-09-06,C0195,Delhi,Laptop,Electronics,1,40351,40351,3304
10250,2023-09-07,C0128,Delhi,Chair,Furniture,3,23114,69342,3812
10251,2023-09-08,C0033,Pune,Laptop,Furniture,5,27224,136120,13011
10252,2023-09-09,C0176,Lucknow,Laptop,Electronics,5,42491,212455,31437
10253,2023-09-10,C0022,Lucknow,Chair,Furniture,1,5440,5440,1037
10254,2023-09-11,C0238,Lucknow,Headphones,Electronics,2,52923,105846,19124
10255,2023-09-12,C0158,Lucknow,Headphones,Electronics,4,29258,117032,19299
10256,2023-09-13,C0038,Patna,Chair,Electronics,2,36724,73448,12358
10257,2023-09-14,C0230,Patna,Table,Furniture,2,8288,16576,2482
10258,2023-09-15,C0051,Jaipur,Laptop,Furniture,1,28582,28582,2545
10259,2023-09-16,C0264,Mumbai,Laptop,Electronics,1,58251,58251,10839
10260,2023-09-17,C0283,Bangalore,Table,Furniture,1,24534,24534,3695
10261,2023-09-18,C0027,Bangalore,Headphones,Furniture,1,35979,35979,4823
10262,2023-09-19,C0226,Lucknow,Tablet,Electronics,5,11780,58900,3925
10263,2023-09-20,C0277,Jaipur,Tablet,Electronics,1,18552,18552,2171
10264,2023-09-21,C0286,Pune,Tablet,Furniture,5,17031,85155,10138
10265,2023-09-22,C0097,Kolkata,Headphones,Electronics,5,23304,116520,20936
10266,2023-09-23,C0284,Mumbai,Headphones,Furniture,1,29403,29403,3881
10267,2023-09-24,C0147,Jaipur,Table,Furniture,3,45357,136071,14567
10268,2023-09-25,C0004,Mumbai,Laptop,Furniture,4,10642,42568,8365
10269,2023-09-26,C0035,Mumbai,Table,Furniture,2,50017,100034,6663
10270,2023-09-27,C0192,Mumbai,Table,Electronics,5,48855,244275,27696
10271,2023-09-28,C0049,Jaipur,Headphones,Electronics,4,10366,41464,2334
10272,2023-09-29,C0017,Lucknow,Tablet,Electronics,3,5031,15093,2429
10273,2023-09-30,C0172,Bangalore,Mobile,Electronics,2,45954,91908,17252
10274,2023-10-01,C0220,Bangalore,Laptop,Furniture,2,38598,77196,7102
10275,2023-10-02,C0158,Lucknow,Headphones,Furniture,5,38778,193890,34658
10276,2023-10-03,C0046,Mumbai,Tablet,Electronics,1,58406,58406,5480
10277,2023-10-04,C0006,Kolkata,Mobile,Furniture,3,28638,85914,16032
10278,2023-10-05,C0099,Delhi,Mobile,Furniture,5,27565,137825,22478
10279,2023-10-06,C0233,Jaipur,Headphones,Furniture,3,30456,91368,15599
10280,2023-10-07,C0037,Delhi,Chair,Electronics,1,42232,42232,2225
10281,2023-10-08,C0280,Pune,Laptop,Electronics,1,39761,39761,7730
10282,2023-10-09,C0181,Lucknow,Mobile,Electronics,5,59881,299405,47605
10283,2023-10-10,C0095,Kolkata,Headphones,Furniture,1,11259,11259,1077
10284,2023-10-11,C0099,Jaipur,Headphones,Electronics,4,5939,23756,4143
10285,2023-10-12,C0188,Lucknow,Tablet,Electronics,2,47741,95482,8806
10286,2023-10-13,C0116,Mumbai,Chair,Electronics,5,43033,215165,38926
10287,2023-10-14,C0191,Bangalore,Laptop,Electronics,3,28770,86310,5773
10288,2023-10-15,C0253,Delhi,Table,Electronics,4,13779,55116,8573
10289,2023-10-16,C0161,Patna,Tablet,Electronics,5,39779,198895,26076
10290,2023-10-17,C0256,Patna,Mobile,Furniture,1,44751,44751,2885
10291,2023-10-18,C0128,Kolkata,Mobile,Furniture,1,24388,24388,2104
10292,2023-10-19,C0018,Mumbai,Tablet,Electronics,1,18130,18130,940
10293,2023-10-20,C0281,Pune,Headphones,Electronics,1,53491,53491,6435
10294,2023-10-21,C0223,Delhi,Mobile,Furniture,3,58203,174609,16620
10295,2023-10-22,C0054,Mumbai,Chair,Furniture,4,35644,142576,19925
10296,2023-10-23,C0058,Delhi,Laptop,Electronics,2,52661,105322,9961
10297,2023-10-24,C0174,Kolkata,Chair,Electronics,3,31682,95046,9028
10298,2023-10-25,C0280,Kolkata,Mobile,Electronics,3,26038,78114,12613
10299,2023-10-26,C0114,Pune,Table,Electronics,2,12324,24648,1410
10300,2023-10-27,C0288,Patna,Laptop,Furniture,2,51479,102958,19091
10301,2023-10-28,C0151,Mumbai,Laptop,Electronics,1,32625,32625,5802
10302,2023-10-29,C0127,Jaipur,Tablet,Electronics,3,7479,22437,3369
10303,2023-10-30,C0155,Patna,Tablet,Electronics,5,26689,133445,18546
10304,2023-10-31,C0273,Mumbai,Table,Electronics,2,43100,86200,15847
10305,2023-11-01,C0104,Patna,Headphones,Furniture,2,13004,26008,2023
10306,2023-11-02,C0299,Jaipur,Laptop,Furniture,4,58221,232884,14402
10307,2023-11-03,C0246,Bangalore,Table,Furniture,5,21169,105845,9094
10308,2023-11-04,C0176,Bangalore,Tablet,Electronics,5,7410,37050,6268
10309,2023-11-05,C0039,Pune,Tablet,Electronics,2,58213,116426,6426
10310,2023-11-06,C0170,Bangalore,Laptop,Furniture,1,47357,47357,6507
10311,2023-11-07,C0247,Bangalore,Chair,Electronics,4,35464,141856,28274
10312,2023-11-08,C0026,Lucknow,Mobile,Electronics,5,20631,103155,18398
10313,2023-11-09,C0013,Delhi,Tablet,Furniture,2,25727,51454,6597
10314,2023-11-10,C0036,Lucknow,Headphones,Furniture,5,6478,32390,1928
10315,2023-11-11,C0173,Lucknow,Headphones,Furniture,4,22491,89964,15717
10316,2023-11-12,C0020,Pune,Tablet,Furniture,4,17653,70612,9874
10317,2023-11-13,C0264,Lucknow,Chair,Electronics,3,34048,102144,6868
10318,2023-11-14,C0142,Bangalore,Chair,Electronics,2,43176,86352,5533
10319,2023-11-15,C0143,Jaipur,Table,Furniture,4,39571,158284,29511
10320,2023-11-16,C0092,Pune,Headphones,Electronics,3,47954,143862,21633
10321,2023-11-17,C0288,Pune,Table,Furniture,3,4483,13449,2345
10322,2023-11-18,C0215,Kolkata,Headphones,Furniture,5,10003,50015,9095
10323,2023-11-19,C0051,Pune,Mobile,Electronics,5,30421,152105,20650
10324,2023-11-20,C0153,Kolkata,Mobile,Furniture,3,58366,175098,22345
10325,2023-11-21,C0186,Pune,Laptop,Electronics,5,17405,87025,9969
10326,2023-11-22,C0063,Delhi,Table,Electronics,4,46338,185352,18079
10327,2023-11-23,C0190,Bangalore,Tablet,Electronics,1,58779,58779,6770
10328,2023-11-24,C0125,Pune,Table,Electronics,4,24453,97812,16244
10329,2023-11-25,C0150,Bangalore,Tablet,Furniture,3,27306,81918,11492
10330,2023-11-26,C0058,Bangalore,Chair,Electronics,3,45500,136500,25099
10331,2023-11-27,C0180,Patna,Table,Furniture,4,22668,90672,10563
10332,2023-11-28,C0170,Pune,Chair,Furniture,5,5083,25415,3585
10333,2023-11-29,C0271,Mumbai,Mobile,Furniture,5,39214,196070,28370
10334,2023-11-30,C0054,Patna,Mobile,Furniture,3,54593,163779,22725
10335,2023-12-01,C0101,Mumbai,Laptop,Electronics,2,55919,111838,17379
10336,2023-12-02,C0264,Bangalore,Table,Electronics,5,49645,248225,21251
10337,2023-12-03,C0053,Bangalore,Chair,Furniture,4,40396,161584,20497
10338,2023-12-04,C0060,Patna,Tablet,Furniture,5,12389,61945,4065
10339,2023-12-05,C0108,Patna,Mobile,Electronics,4,27913,111652,12022
10340,2023-12-06,C0005,Mumbai,Mobile,Furniture,3,12775,38325,4719
10341,2023-12-07,C0103,Kolkata,Tablet,Electronics,5,2961,14805,2188
10342,2023-12-08,C0196,Mumbai,Chair,Furniture,4,14791,59164,11393
10343,2023-12-09,C0262,Patna,Chair,Electronics,3,47304,141912,19881
10344,2023-12-10,C0047,Jaipur,Table,Furniture,2,11935,23870,3855
10345,2023-12-11,C0144,Patna,Table,Furniture,4,28435,113740,14324
10346,2023-12-12,C0269,Jaipur,Headphones,Electronics,2,33953,67906,9854
10347,2023-12-13,C0124,Delhi,Headphones,Furniture,2,19044,38088,2309
10348,2023-12-14,C0106,Patna,Laptop,Furniture,1,56683,56683,4997
10349,2023-12-15,C0158,Delhi,Mobile,Electronics,5,12758,63790,6651
10350,2023-12-16,C0147,Kolkata,Table,Furniture,4,31341,125364,15153
10351,2023-12-17,C0145,Mumbai,Chair,Electronics,2,59411,118822,6754
10352,2023-12-18,C0120,Jaipur,Tablet,Electronics,1,54993,54993,3904
10353,2023-12-19,C0275,Mumbai,Chair,Furniture,3,49258,147774,13524
10354,2023-12-20,C0092,Delhi,Mobile,Furniture,4,49690,198760,38903
10355,2023-12-21,C0058,Jaipur,Headphones,Furniture,2,11236,22472,2240
10356,2023-12-22,C0229,Mumbai,Chair,Furniture,5,38143,190715,23325
10357,2023-12-23,C0117,Patna,Laptop,Furniture,1,50908,50908,4042
10358,2023-12-24,C0279,Bangalore,Mobile,Furniture,2,44450,88900,12589
10359,2023-12-25,C0127,Delhi,Headphones,Furniture,5,57349,286745,26409
10360,2023-12-26,C0129,Mumbai,Tablet,Electronics,2,35464,70928,5748
10361,2023-12-27,C0058,Delhi,Headphones,Furniture,4,28544,114176,14555
10362,2023-12-28,C0122,Lucknow,Laptop,Electronics,4,40433,161732,8220
10363,2023-12-29,C0001,Delhi,Mobile,Furniture,4,16497,65988,3375
10364,2023-12-30,C0239,Jaipur,Tablet,Furniture,1,14715,14715,1219
10365,2023-12-31,C0290,Lucknow,Laptop,Electronics,4,33569,134276,7453
10366,2024-01-01,C0096,Pune,Headphones,Furniture,5,24411,122055,8080
10367,2024-01-02,C0126,Jaipur,Laptop,Furniture,2,56033,112066,11299
10368,2024-01-03,C0118,Bangalore,Mobile,Electronics,3,17530,52590,8960
10369,2024-01-04,C0048,Lucknow,Table,Furniture,5,29834,149170,20258
10370,2024-01-05,C0089,Pune,Laptop,Furniture,5,15071,75355,9562
10371,2024-01-06,C0237,Patna,Laptop,Furniture,4,43219,172876,16254
10372,2024-01-07,C0272,Delhi,Headphones,Electronics,1,29427,29427,5584
10373,2024-01-08,C0189,Mumbai,Headphones,Furniture,2,58441,116882,12804
10374,2024-01-09,C0192,Kolkata,Tablet,Furniture,1,58505,58505,3689
10375,2024-01-10,C0069,Delhi,Headphones,Furniture,2,21214,42428,6048
10376,2024-01-11,C0278,Pune,Chair,Furniture,2,59212,118424,7943
10377,2024-01-12,C0247,Delhi,Mobile,Electronics,1,44041,44041,4482
10378,2024-01-13,C0076,Bangalore,Mobile,Electronics,5,23887,119435,15062
10379,2024-01-14,C0154,Patna,Table,Furniture,2,28944,57888,10485
10380,2024-01-15,C0144,Kolkata,Table,Furniture,1,49408,49408,6128
10381,2024-01-16,C0086,Lucknow,Mobile,Electronics,2,20421,40842,6344
10382,2024-01-17,C0185,Lucknow,Table,Electronics,3,13557,40671,8090
10383,2024-01-18,C0285,Lucknow,Tablet,Furniture,5,45768,228840,15955
10384,2024-01-19,C0220,Pune,Headphones,Electronics,4,54210,216840,19777
10385,2024-01-20,C0069,Jaipur,Mobile,Furniture,2,56231,112462,12279
10386,2024-01-21,C0047,Jaipur,Table,Electronics,3,25358,76074,8617
10387,2024-01-22,C0094,Mumbai,Mobile,Electronics,4,49189,196756,21968
10388,2024-01-23,C0238,Kolkata,Chair,Electronics,4,45138,180552,33608
10389,2024-01-24,C0204,Lucknow,Laptop,Electronics,2,26562,53124,8346
10390,2024-01-25,C0218,Jaipur,Headphones,Furniture,1,37350,37350,5273
10391,2024-01-26,C0039,Pune,Mobile,Electronics,2,46986,93972,9059
10392,2024-01-27,C0100,Mumbai,Laptop,Electronics,3,21067,63201,10969
10393,2024-01-28,C0289,Patna,Table,Furniture,4,30239,120956,23375
10394,2024-01-29,C0254,Mumbai,Laptop,Electronics,2,58304,116608,20194
10395,2024-01-30,C0222,Jaipur,Headphones,Electronics,1,43785,43785,2199
10396,2024-01-31,C0023,Bangalore,Mobile,Furniture,2,4254,8508,1237
10397,2024-02-01,C0250,Pune,Chair,Electronics,5,27544,137720,7942
10398,2024-02-02,C0010,Bangalore,Table,Furniture,1,2224,2224,197
10399,2024-02-03,C0246,Lucknow,Mobile,Furniture,3,1876,5628,331
10400,2024-02-04,C0100,Bangalore,Headphones,Furniture,4,9206,36824,5176
10401,2024-02-05,C0290,Lucknow,Table,Furniture,2,9394,18788,2874
10402,2024-02-06,C0180,Lucknow,Tablet,Electronics,1,18537,18537,1245
10403,2024-02-07,C0223,Jaipur,Laptop,Furniture,5,18950,94750,10192
10404,2024-02-08,C0250,Bangalore,Headphones,Electronics,1,16906,16906,2002
10405,2024-02-09,C0147,Lucknow,Tablet,Electronics,5,52112,260560,27452
10406,2024-02-10,C0096,Kolkata,Mobile,Electronics,3,30225,90675,6179
10407,2024-02-11,C0257,Patna,Chair,Electronics,4,6426,25704,2900
10408,2024-02-12,C0004,Mumbai,Table,Electronics,3,39519,118557,19286
10409,2024-02-13,C0016,Mumbai,Laptop,Electronics,2,9996,19992,1212
10410,2024-02-14,C0280,Jaipur,Table,Electronics,1,56947,56947,3532
10411,2024-02-15,C0247,Bangalore,Mobile,Electronics,5,36568,182840,18871
10412,2024-02-16,C0258,Bangalore,Table,Electronics,5,30306,151530,28981
10413,2024-02-17,C0160,Lucknow,Laptop,Electronics,1,23163,23163,3481
10414,2024-02-18,C0152,Pune,Mobile,Furniture,1,41821,41821,6348
10415,2024-02-19,C0178,Delhi,Table,Furniture,2,57005,114010,11889
10416,2024-02-20,C0163,Lucknow,Chair,Furniture,3,36995,110985,15432
10417,2024-02-21,C0033,Patna,Headphones,Electronics,5,23156,115780,5964
10418,2024-02-22,C0179,Kolkata,Mobile,Furniture,2,55647,111294,16183
10419,2024-02-23,C0101,Mumbai,Headphones,Furniture,3,26360,79080,14787
10420,2024-02-24,C0268,Lucknow,Mobile,Furniture,2,50166,100332,14235
10421,2024-02-25,C0065,Delhi,Chair,Electronics,5,17332,86660,15690
10422,2024-02-26,C0168,Delhi,Headphones,Electronics,1,39287,39287,6230
10423,2024-02-27,C0043,Lucknow,Tablet,Electronics,1,48731,48731,3317
10424,2024-02-28,C0044,Jaipur,Laptop,Electronics,3,22227,66681,12360
10425,2024-02-29,C0285,Mumbai,Tablet,Furniture,4,43315,173260,10389
10426,2024-03-01,C0012,Jaipur,Table,Furniture,3,30045,90135,11726
10427,2024-03-02,C0095,Kolkata,Chair,Furniture,4,57685,230740,16456
10428,2024-03-03,C0253,Delhi,Tablet,Furniture,2,45022,90044,4660
10429,2024-03-04,C0242,Delhi,Mobile,Electronics,2,3020,6040,684
10430,2024-03-05,C0035,Patna,Table,Electronics,5,3581,17905,1687
10431,2024-03-06,C0215,Kolkata,Table,Electronics,4,34696,138784,17056
10432,2024-03-07,C0090,Delhi,Tablet,Furniture,5,37235,186175,25427
10433,2024-03-08,C0264,Kolkata,Tablet,Electronics,1,39713,39713,2246
10434,2024-03-09,C0093,Mumbai,Chair,Electronics,4,15066,60264,4125
10435,2024-03-10,C0090,Bangalore,Laptop,Furniture,3,14542,43626,5836
10436,2024-03-11,C0115,Delhi,Tablet,Furniture,1,25998,25998,2638
10437,2024-03-12,C0105,Patna,Tablet,Electronics,1,11829,11829,1885
10438,2024-03-13,C0196,Mumbai,Headphones,Electronics,3,32156,96468,14262
10439,2024-03-14,C0114,Lucknow,Mobile,Electronics,1,2659,2659,470
10440,2024-03-15,C0075,Kolkata,Headphones,Electronics,4,38400,153600,23635
10441,2024-03-16,C0217,Lucknow,Headphones,Electronics,5,52199,260995,29881
10442,2024-03-17,C0277,Jaipur,Table,Electronics,1,19863,19863,2998
10443,2024-03-18,C0249,Mumbai,Laptop,Furniture,4,48201,192804,17604
10444,2024-03-19,C0164,Lucknow,Mobile,Furniture,2,43741,87482,8393
10445,2024-03-20,C0192,Pune,Chair,Furniture,4,19533,78132,13153
10446,2024-03-21,C0227,Pune,Chair,Electronics,5,58157,290785,34011
10447,2024-03-22,C0177,Delhi,Tablet,Furniture,4,11305,45220,7676
10448,2024-03-23,C0099,Kolkata,Tablet,Electronics,3,36351,109053,18905
10449,2024-03-24,C0036,Bangalore,Chair,Electronics,5,27332,136660,24412
10450,2024-03-25,C0096,Mumbai,Tablet,Furniture,2,50689,101378,19007
10451,2024-03-26,C0152,Delhi,Laptop,Electronics,3,14444,43332,4967
10452,2024-03-27,C0151,Patna,Headphones,Electronics,4,20373,81492,7972
10453,2024-03-28,C0190,Jaipur,Tablet,Furniture,5,40872,204360,28064
10454,2024-03-29,C0224,Kolkata,Table,Furniture,2,24428,48856,5162
10455,2024-03-30,C0037,Mumbai,Tablet,Furniture,3,15879,47637,6676
10456,2024-03-31,C0268,Pune,Mobile,Electronics,2,52286,104572,16296
10457,2024-04-01,C0183,Mumbai,Laptop,Furniture,4,37251,149004,22836
10458,2024-04-02,C0013,Bangalore,Mobile,Furniture,2,35046,70092,7442
10459,2024-04-03,C0279,Pune,Mobile,Electronics,1,24786,24786,1859
10460,2024-04-04,C0217,Bangalore,Table,Furniture,3,5610,16830,1928
10461,2024-04-05,C0286,Patna,Laptop,Furniture,2,54841,109682,7830
10462,2024-04-06,C0273,Jaipur,Laptop,Furniture,4,12587,50348,9239
10463,2024-04-07,C0062,Patna,Laptop,Electronics,4,24262,97048,9887
10464,2024-04-08,C0084,Delhi,Laptop,Electronics,2,50776,101552,7430
10465,2024-04-09,C0217,Delhi,Laptop,Electronics,4,17581,70324,3784
10466,2024-04-10,C0187,Patna,Table,Electronics,5,35447,177235,26031
10467,2024-04-11,C0019,Jaipur,Tablet,Furniture,5,10096,50480,7346
10468,2024-04-12,C0177,Patna,Mobile,Electronics,5,38519,192595,19469
10469,2024-04-13,C0100,Jaipur,Laptop,Electronics,1,42503,42503,2582
10470,2024-04-14,C0233,Jaipur,Tablet,Furniture,2,18813,37626,4193
10471,2024-04-15,C0076,Lucknow,Tablet,Furniture,1,48139,48139,4654
10472,2024-04-16,C0265,Pune,Mobile,Furniture,4,1513,6052,917
10473,2024-04-17,C0284,Kolkata,Table,Electronics,1,49878,49878,7026
10474,2024-04-18,C0206,Jaipur,Chair,Electronics,4,24205,96820,10135
10475,2024-04-19,C0223,Bangalore,Chair,Electronics,4,2328,9312,769
10476,2024-04-20,C0052,Jaipur,Tablet,Furniture,3,8409,25227,5000
10477,2024-04-21,C0144,Jaipur,Headphones,Furniture,5,38856,194280,22944
10478,2024-04-22,C0069,Jaipur,Headphones,Electronics,4,13609,54436,8341
10479,2024-04-23,C0099,Lucknow,Mobile,Furniture,3,2523,7569,538
10480,2024-04-24,C0025,Pune,Chair,Furniture,5,54618,273090,33545
10481,2024-04-25,C0053,Lucknow,Tablet,Furniture,4,15037,60148,3255
10482,2024-04-26,C0151,Delhi,Table,Electronics,4,27161,108644,13669
10483,2024-04-27,C0144,Lucknow,Chair,Furniture,1,39159,39159,7620
10484,2024-04-28,C0057,Bangalore,Tablet,Furniture,1,34348,34348,3696
10485,2024-04-29,C0039,Bangalore,Tablet,Electronics,5,38304,191520,10696
10486,2024-04-30,C0109,Lucknow,Laptop,Electronics,4,15879,63516,3470
10487,2024-05-01,C0181,Pune,Table,Furniture,2,28266,56532,6116
10488,2024-05-02,C0042,Patna,Laptop,Furniture,1,44090,44090,3262
10489,2024-05-03,C0186,Kolkata,Mobile,Electronics,5,3063,15315,819
10490,2024-05-04,C0223,Pune,Laptop,Electronics,4,36560,146240,23900
10491,2024-05-05,C0122,Lucknow,Laptop,Furniture,4,29697,118788,14109
10492,2024-05-06,C0133,Jaipur,Chair,Furniture,2,4086,8172,763
10493,2024-05-07,C0163,Mumbai,Headphones,Furniture,5,16587,82935,15344
10494,2024-05-08,C0215,Kolkata,Tablet,Furniture,4,49368,197472,13313
10495,2024-05-09,C0221,Kolkata,Table,Electronics,1,54083,54083,10458
10496,2024-05-10,C0235,Bangalore,Laptop,Furniture,2,23725,47450,4607
10497,2024-05-11,C0146,Kolkata,Table,Furniture,5,30250,151250,27718
10498,2024-05-12,C0239,Lucknow,Headphones,Electronics,2,7143,14286,2006
10499,2024-05-13,C0076,Jaipur,Headphones,Furniture,1,28023,28023,4876
10500,2024-05-14,C0009,Jaipur,Laptop,Electronics,5,37227,186135,36780
